id,category,stance
0,celebrity,1
1,unrelated,0
2,personal,0
3,restrictions,0
4,restrictions,1
5,info_news,1
6,celebrity,1
7,personal,1
8,personal,1
9,plan,1
10,requests,0
11,info_news,1
12,celebrity,1
13,personal,1
14,personal,-1
15,info_news,1
16,info_news,1
17,info_news,1
18,personal,1
19,info_news,0
20,personal,0
21,info_news,0
22,personal,1
23,celebrity,1
24,personal,1
25,info_news,1
26,advice,-1
27,plan,1
28,celebrity,1
29,celebrity,1
30,plan,1
31,plan,1
32,personal,0
33,info_news,1
34,info_news,-1
35,info_news,-1
36,plan,1
37,info_news,1
38,plan,1
39,plan,1
40,plan,1
41,plan,1
42,personal,0
43,info_news,1
44,personal,1
45,celebrity,1
46,info_news,1
47,plan,1
48,personal,-1
49,plan,1
50,personal,1
51,plan,1
52,info_news,0
53,info_news,1
54,personal,1
55,info_news,-1
56,plan,1
57,personal,1
58,requests,1
59,personal,0
60,unrelated,0
61,celebrity,1
62,requests,1
63,personal,1
64,plan,1
65,info_news,1
66,info_news,1
67,plan,1
68,personal,1
69,personal,1
70,rumors,0
71,plan,1
72,info_news,-1
73,personal,1
74,unrelated,0
75,info_news,-1
76,personal,1
77,personal,1
78,personal,0
79,celebrity,1
80,personal,1
81,personal,1
82,info_news,1
83,celebrity,1
84,celebrity,1
85,personal,0
86,info_news,1
87,plan,0
88,celebrity,1
89,info_news,1
90,personal,0
91,info_news,1
92,info_news,1
93,requests,0
94,others,0
95,celebrity,1
96,personal,1
97,plan,1
98,personal,1
99,unrelated,0
100,personal,1
101,personal,0
102,celebrity,-1
103,info_news,1
104,info_news,0
105,personal,0
106,info_news,1
107,plan,1
108,celebrity,1
109,info_news,1
110,celebrity,1
111,personal,1
112,unrelated,0
113,info_news,1
114,plan,1
115,plan,1
116,info_news,1
117,plan,1
118,plan,1
119,plan,1
120,personal,1
121,info_news,-1
122,info_news,1
123,info_news,0
124,celebrity,0
125,plan,0
126,unrelated,0
127,plan,1
128,plan,1
129,unrelated,-1
130,celebrity,1
131,others,0
132,personal,1
133,plan,1
134,personal,1
135,personal,1
136,plan,1
137,celebrity,1
138,celebrity,1
139,info_news,1
140,celebrity,1
141,plan,1
142,celebrity,1
143,info_news,1
144,plan,1
145,personal,1
146,info_news,1
147,info_news,-1
148,personal,1
149,plan,1
150,unrelated,0
151,info_news,0
152,celebrity,1
153,plan,0
154,personal,1
155,plan,1
156,rumors,1
157,plan,1
158,plan,1
159,celebrity,1
160,info_news,0
161,celebrity,1
162,plan,1
163,plan,1
164,personal,1
165,plan,1
166,unrelated,0
167,celebrity,1
168,personal,1
169,plan,1
170,personal,-1
171,info_news,1
172,info_news,1
173,celebrity,1
174,info_news,0
175,info_news,1
176,info_news,1
177,celebrity,1
178,celebrity,1
179,info_news,-1
180,plan,1
181,plan,1
182,info_news,-1
183,plan,1
184,personal,1
185,info_news,1
186,plan,1
187,personal,1
188,info_news,1
189,info_news,1
190,plan,1
191,plan,1
192,info_news,1
193,info_news,1
194,personal,1
195,celebrity,1
196,plan,1
197,celebrity,1
198,personal,1
199,others,0
200,plan,1
201,plan,1
202,info_news,1
203,info_news,1
204,info_news,0
205,personal,0
206,celebrity,1
207,info_news,-1
208,celebrity,1
209,personal,1
210,info_news,1
211,info_news,1
212,personal,1
213,others,0
214,personal,-1
215,advice,0
216,plan,1
217,plan,1
218,personal,1
219,celebrity,1
220,plan,1
221,info_news,1
222,plan,1
223,celebrity,1
224,plan,1
225,info_news,-1
226,plan,1
227,plan,1
228,unrelated,1
229,info_news,1
230,info_news,1
231,celebrity,1
232,personal,0
233,unrelated,0
234,info_news,1
235,celebrity,-1
236,requests,1
237,requests,1
238,plan,1
239,info_news,1
240,plan,1
241,plan,1
242,plan,1
243,celebrity,1
244,personal,-1
245,personal,1
246,advice,1
247,info_news,1
248,plan,1
249,celebrity,1
250,celebrity,1
251,plan,1
252,info_news,1
253,info_news,1
254,personal,0
255,celebrity,1
256,plan,1
257,info_news,1
258,personal,1
259,personal,1
260,personal,0
261,celebrity,1
262,advice,1
263,requests,1
264,celebrity,1
265,celebrity,0
266,advice,0
267,requests,1
268,info_news,1
269,celebrity,1
270,rumors,-1
271,plan,0
272,info_news,1
273,celebrity,1
274,info_news,0
275,celebrity,1
276,info_news,1
277,info_news,1
278,plan,1
279,requests,0
280,info_news,1
281,plan,1
282,celebrity,1
283,plan,1
284,celebrity,1
285,info_news,-1
286,requests,1
287,info_news,0
288,plan,1
289,personal,1
290,personal,1
291,personal,-1
292,unrelated,0
293,personal,1
294,personal,1
295,celebrity,1
296,others,0
297,celebrity,1
298,info_news,1
299,info_news,1
300,personal,1
301,celebrity,1
302,plan,1
303,personal,1
304,plan,1
305,plan,1
306,info_news,0
307,personal,1
308,personal,0
309,unrelated,0
310,info_news,1
311,info_news,1
312,info_news,1
313,info_news,1
314,info_news,1
315,celebrity,1
316,plan,1
317,info_news,1
318,celebrity,1
319,celebrity,1
320,celebrity,1
321,personal,1
322,personal,1
323,info_news,-1
324,info_news,1
325,celebrity,1
326,personal,1
327,info_news,-1
328,plan,1
329,unrelated,0
330,personal,1
331,celebrity,1
332,info_news,1
333,personal,1
334,info_news,-1
335,info_news,1
336,personal,1
337,celebrity,1
338,celebrity,1
339,celebrity,1
340,celebrity,1
341,celebrity,1
342,plan,1
343,info_news,1
344,info_news,1
345,plan,1
346,personal,1
347,celebrity,1
348,plan,-1
349,others,0
350,info_news,0
351,plan,1
352,advice,1
353,plan,1
354,plan,1
355,info_news,1
356,info_news,-1
357,personal,1
358,unrelated,0
359,info_news,1
360,plan,1
361,celebrity,1
362,celebrity,1
363,personal,1
364,plan,1
365,celebrity,-1
366,info_news,1
367,personal,-1
368,plan,1
369,plan,1
370,plan,1
371,info_news,1
372,celebrity,1
373,celebrity,1
374,info_news,1
375,restrictions,1
376,info_news,1
377,others,-1
378,personal,-1
379,personal,0
380,plan,1
381,advice,1
382,plan,1
383,celebrity,1
384,celebrity,1
385,celebrity,1
386,personal,1
387,unrelated,0
388,unrelated,0
389,info_news,-1
390,plan,1
391,personal,1
392,personal,1
393,plan,1
394,personal,1
395,plan,1
396,plan,1
397,celebrity,1
398,plan,1
399,celebrity,1
400,requests,1
401,personal,0
402,rumors,0
403,personal,1
404,info_news,1
405,info_news,1
406,info_news,0
407,others,0
408,plan,1
409,celebrity,1
410,celebrity,1
411,celebrity,-1
412,info_news,1
413,celebrity,1
414,personal,1
415,personal,0
416,celebrity,1
417,personal,-1
418,celebrity,1
419,info_news,0
420,info_news,-1
421,unrelated,0
422,info_news,-1
423,info_news,1
424,celebrity,1
425,personal,0
426,plan,1
427,info_news,0
428,plan,1
429,plan,1
430,personal,0
431,plan,1
432,celebrity,1
433,personal,1
434,personal,1
435,plan,1
436,plan,1
437,plan,1
438,info_news,-1
439,plan,1
440,plan,1
441,info_news,-1
442,celebrity,1
443,plan,1
444,plan,1
445,plan,1
446,plan,1
447,plan,1
448,personal,0
449,celebrity,1
450,celebrity,1
451,info_news,1
452,advice,-1
453,personal,1
454,info_news,1
455,plan,1
456,personal,0
457,celebrity,1
458,celebrity,0
459,info_news,1
460,personal,1
461,plan,1
462,rumors,1
463,info_news,1
464,plan,1
465,celebrity,1
466,info_news,-1
467,personal,-1
468,plan,1
469,plan,1
470,celebrity,1
471,personal,1
472,unrelated,0
473,info_news,1
474,celebrity,1
475,info_news,-1
476,info_news,0
477,celebrity,1
478,info_news,1
479,info_news,1
480,plan,1
481,celebrity,1
482,celebrity,0
483,personal,1
484,unrelated,0
485,rumors,1
486,plan,1
487,info_news,0
488,info_news,1
489,celebrity,1
490,plan,1
491,plan,1
492,celebrity,1
493,personal,0
494,info_news,-1
495,info_news,1
496,personal,0
497,requests,1
498,unrelated,-1
499,personal,0
500,info_news,1
501,personal,0
502,personal,1
503,personal,0
504,plan,1
505,plan,1
506,plan,1
507,others,-1
508,celebrity,0
509,celebrity,1
510,personal,1
511,info_news,1
512,unrelated,0
513,celebrity,1
514,plan,1
515,info_news,1
516,info_news,1
517,plan,1
518,info_news,1
519,personal,1
520,personal,-1
521,personal,0
522,personal,-1
523,personal,0
524,plan,1
525,info_news,1
526,info_news,-1
527,personal,-1
528,info_news,1
529,unrelated,0
530,plan,1
531,celebrity,1
532,personal,-1
533,plan,0
534,personal,1
535,plan,1
536,celebrity,1
537,celebrity,1
538,celebrity,1
539,celebrity,1
540,info_news,1
541,personal,-1
542,plan,1
543,plan,1
544,celebrity,1
545,plan,1
546,personal,0
547,requests,1
548,rumors,0
549,celebrity,1
550,celebrity,1
551,personal,-1
552,personal,0
553,plan,1
554,celebrity,1
555,plan,1
556,plan,1
557,plan,1
558,personal,0
559,personal,0
560,plan,0
561,plan,1
562,plan,1
563,info_news,0
564,info_news,1
565,info_news,-1
566,info_news,1
567,info_news,1
568,info_news,1
569,advice,0
570,personal,1
571,info_news,1
572,plan,1
573,plan,1
574,personal,1
575,plan,1
576,celebrity,-1
577,info_news,1
578,unrelated,0
579,plan,1
580,celebrity,1
581,personal,1
582,info_news,1
583,celebrity,1
584,info_news,1
585,info_news,-1
586,others,1
587,info_news,1
588,celebrity,1
589,plan,1
590,plan,1
591,info_news,1
592,others,0
593,unrelated,0
594,personal,1
595,plan,1
596,personal,-1
597,plan,1
598,info_news,1
599,plan,1
600,requests,-1
601,info_news,1
602,plan,1
603,personal,0
604,info_news,1
605,info_news,1
606,info_news,-1
607,personal,0
608,info_news,0
609,info_news,-1
610,celebrity,1
611,celebrity,1
612,personal,0
613,info_news,-1
614,info_news,1
615,plan,1
616,info_news,1
617,info_news,1
618,info_news,0
619,plan,1
620,personal,0
621,info_news,1
622,personal,1
623,plan,1
624,info_news,1
625,personal,1
626,plan,1
627,celebrity,1
628,celebrity,1
629,plan,1
630,personal,1
631,personal,0
632,others,0
633,celebrity,1
634,info_news,1
635,personal,1
636,celebrity,1
637,personal,-1
638,celebrity,1
639,info_news,1
640,personal,1
641,plan,1
642,info_news,1
643,info_news,1
644,unrelated,0
645,info_news,1
646,plan,1
647,plan,1
648,info_news,-1
649,info_news,0
650,info_news,1
651,plan,1
652,celebrity,1
653,celebrity,0
654,requests,-1
655,info_news,1
656,plan,1
657,info_news,-1
658,plan,1
659,personal,1
660,unrelated,0
661,celebrity,1
662,plan,1
663,info_news,1
664,advice,0
665,plan,1
666,unrelated,0
667,advice,1
668,personal,-1
669,info_news,1
670,plan,1
671,info_news,1
672,celebrity,0
673,info_news,1
674,info_news,1
675,personal,1
676,celebrity,1
677,celebrity,1
678,personal,0
679,advice,0
680,info_news,1
681,rumors,0
682,plan,1
683,personal,1
684,personal,0
685,plan,1
686,personal,-1
687,personal,0
688,info_news,1
689,info_news,1
690,plan,1
691,personal,-1
692,plan,1
693,personal,0
694,celebrity,1
695,unrelated,0
696,celebrity,1
697,plan,1
698,advice,1
699,rumors,0
700,personal,0
701,info_news,1
702,personal,1
703,info_news,1
704,info_news,0
705,plan,1
706,personal,1
707,info_news,1
708,unrelated,0
709,others,0
710,info_news,1
711,info_news,1
712,info_news,1
713,personal,0
714,personal,0
715,info_news,1
716,plan,1
717,info_news,0
718,celebrity,1
719,info_news,1
720,info_news,-1
721,celebrity,1
722,personal,1
723,plan,1
724,personal,1
725,celebrity,1
726,info_news,1
727,plan,1
728,unrelated,0
729,others,0
730,info_news,1
731,celebrity,1
732,plan,1
733,info_news,1
734,plan,1
735,info_news,1
736,info_news,-1
737,plan,1
738,info_news,1
739,info_news,-1
740,celebrity,1
741,plan,1
742,unrelated,0
743,info_news,1
744,info_news,1
745,celebrity,1
746,plan,1
747,plan,1
748,plan,1
749,personal,0
750,personal,1
751,info_news,1
752,info_news,1
753,info_news,-1
754,celebrity,1
755,plan,1
756,others,0
757,plan,1
758,personal,1
759,celebrity,1
760,celebrity,1
761,personal,1
762,personal,0
763,requests,1
764,personal,1
765,plan,1
766,info_news,1
767,celebrity,1
768,info_news,1
769,plan,0
770,plan,1
771,requests,0
772,info_news,1
773,celebrity,1
774,celebrity,1
775,celebrity,1
776,celebrity,1
777,plan,1
778,plan,1
779,plan,1
780,personal,1
781,info_news,1
782,unrelated,0
783,advice,0
784,plan,1
785,celebrity,1
786,celebrity,-1
787,personal,0
788,personal,1
789,personal,1
790,celebrity,1
791,requests,1
792,plan,1
793,celebrity,1
794,info_news,1
795,plan,1
796,info_news,1
797,unrelated,-1
798,info_news,1
799,personal,0
800,plan,1
801,celebrity,1
802,rumors,0
803,info_news,1
804,info_news,1
805,plan,1
806,personal,1
807,requests,1
808,personal,1
809,celebrity,1
810,celebrity,1
811,advice,1
812,plan,1
813,plan,1
814,plan,1
815,requests,0
816,celebrity,1
817,plan,0
818,plan,1
819,rumors,0
820,celebrity,1
821,info_news,1
822,info_news,1
823,requests,1
824,restrictions,0
825,plan,1
826,celebrity,1
827,celebrity,1
828,info_news,1
829,celebrity,1
830,info_news,1
831,requests,0
832,plan,1
833,info_news,0
834,plan,1
835,info_news,0
836,celebrity,1
837,personal,1
838,personal,1
839,celebrity,1
840,info_news,1
841,personal,1
842,plan,1
843,celebrity,1
844,plan,1
845,personal,-1
846,plan,1
847,plan,1
848,info_news,1
849,plan,1
850,info_news,1
851,plan,1
852,plan,1
853,info_news,-1
854,others,0
855,personal,1
856,celebrity,1
857,personal,1
858,info_news,1
859,plan,0
860,celebrity,1
861,personal,1
862,plan,1
863,personal,1
864,celebrity,0
865,info_news,1
866,personal,0
867,personal,1
868,personal,1
869,others,0
870,plan,-1
871,personal,1
872,plan,-1
873,personal,0
874,plan,1
875,unrelated,0
876,info_news,1
877,info_news,0
878,personal,-1
879,plan,1
880,plan,1
881,plan,1
882,unrelated,0
883,plan,0
884,plan,1
885,info_news,1
886,celebrity,1
887,info_news,1
888,celebrity,1
889,info_news,1
890,info_news,-1
891,info_news,1
892,info_news,1
893,plan,1
894,unrelated,0
895,plan,1
896,info_news,1
897,unrelated,-1
898,celebrity,1
899,personal,0
900,rumors,1
901,plan,1
902,info_news,1
903,plan,1
904,plan,1
905,personal,1
906,celebrity,0
907,personal,-1
908,plan,1
909,info_news,1
910,info_news,1
911,info_news,1
912,celebrity,1
913,personal,1
914,advice,0
915,plan,1
916,plan,1
917,rumors,0
918,celebrity,1
919,personal,1
920,plan,1
921,info_news,1
922,info_news,0
923,info_news,1
924,plan,1
925,rumors,0
926,plan,1
927,requests,-1
928,plan,1
929,plan,1
930,plan,1
931,plan,1
932,requests,0
933,info_news,1
934,plan,1
935,info_news,-1
936,personal,-1
937,plan,1
938,celebrity,1
939,plan,1
940,celebrity,1
941,celebrity,1
942,info_news,1
943,personal,0
944,personal,1
945,requests,0
946,personal,0
947,personal,1
948,celebrity,1
949,plan,1
950,personal,0
951,info_news,1
952,info_news,-1
953,rumors,-1
954,plan,1
955,info_news,-1
956,info_news,0
957,celebrity,1
958,info_news,1
959,unrelated,0
960,others,0
961,celebrity,1
962,info_news,1
963,plan,1
964,plan,1
965,info_news,-1
966,requests,1
967,plan,1
968,personal,0
969,plan,1
970,info_news,0
971,info_news,1
972,info_news,1
973,personal,1
974,plan,1
975,info_news,1
976,personal,1
977,info_news,-1
978,personal,1
979,info_news,0
980,others,0
981,personal,1
982,info_news,1
983,personal,1
984,rumors,1
985,info_news,1
986,rumors,0
987,personal,1
988,others,0
989,celebrity,1
990,plan,1
991,plan,1
992,info_news,0
993,info_news,1
994,celebrity,1
995,plan,1
996,unrelated,0
997,personal,0
998,celebrity,-1
999,plan,0
1000,plan,1
1001,info_news,0
1002,plan,1
1003,personal,0
1004,info_news,1
1005,plan,1
1006,personal,1
1007,info_news,0
1008,info_news,1
1009,celebrity,1
1010,plan,1
1011,info_news,1
1012,celebrity,0
1013,info_news,0
1014,info_news,0
1015,plan,-1
1016,personal,0
1017,unrelated,0
1018,plan,0
1019,celebrity,-1
1020,celebrity,1
1021,personal,-1
1022,info_news,0
1023,personal,1
1024,unrelated,0
1025,info_news,-1
1026,personal,0
1027,info_news,1
1028,plan,1
1029,personal,0
1030,celebrity,1
1031,plan,1
1032,celebrity,1
1033,info_news,0
1034,celebrity,1
1035,personal,0
1036,others,0
1037,personal,1
1038,celebrity,1
1039,info_news,1
1040,info_news,1
1041,info_news,-1
1042,plan,1
1043,info_news,1
1044,others,0
1045,info_news,1
1046,info_news,1
1047,info_news,-1
1048,plan,1
1049,info_news,-1
1050,plan,1
1051,plan,1
1052,info_news,0
1053,info_news,1
1054,unrelated,0
1055,plan,1
1056,info_news,1
1057,plan,1
1058,personal,1
1059,celebrity,1
1060,celebrity,1
1061,info_news,-1
1062,celebrity,0
1063,celebrity,1
1064,personal,1
1065,info_news,1
1066,plan,1
1067,plan,1
1068,info_news,1
1069,plan,1
1070,rumors,0
1071,info_news,1
1072,plan,1
1073,info_news,1
1074,celebrity,1
1075,info_news,0
1076,personal,0
1077,info_news,1
1078,celebrity,1
1079,plan,1
1080,others,0
1081,personal,1
1082,info_news,1
1083,plan,1
1084,info_news,1
1085,info_news,1
1086,personal,0
1087,personal,1
1088,info_news,1
1089,celebrity,1
1090,plan,1
1091,info_news,0
1092,plan,1
1093,plan,1
1094,info_news,1
1095,advice,1
1096,personal,-1
1097,info_news,1
1098,rumors,0
1099,plan,1
1100,plan,1
1101,info_news,0
1102,others,-1
1103,plan,0
1104,celebrity,1
1105,rumors,1
1106,info_news,1
1107,info_news,1
1108,info_news,-1
1109,info_news,1
1110,celebrity,1
1111,personal,0
1112,personal,1
1113,personal,1
1114,info_news,-1
1115,plan,1
1116,info_news,1
1117,personal,-1
1118,info_news,1
1119,info_news,-1
1120,plan,1
1121,plan,1
1122,plan,1
1123,celebrity,-1
1124,celebrity,1
1125,celebrity,1
1126,celebrity,1
1127,personal,1
1128,personal,1
1129,plan,1
1130,plan,1
1131,info_news,1
1132,info_news,0
1133,info_news,1
1134,plan,1
1135,personal,1
1136,plan,1
1137,rumors,-1
1138,requests,1
1139,celebrity,1
1140,info_news,1
1141,info_news,1
1142,celebrity,1
1143,plan,1
1144,info_news,1
1145,info_news,1
1146,others,0
1147,info_news,1
1148,personal,1
1149,celebrity,1
1150,personal,1
1151,info_news,1
1152,plan,1
1153,requests,0
1154,celebrity,1
1155,celebrity,1
1156,restrictions,1
1157,info_news,1
1158,personal,-1
1159,info_news,1
1160,info_news,1
1161,celebrity,1
1162,plan,1
1163,plan,1
1164,celebrity,1
1165,info_news,1
1166,personal,0
1167,info_news,-1
1168,celebrity,1
1169,info_news,1
1170,info_news,1
1171,plan,1
1172,personal,1
1173,info_news,1
1174,plan,1
1175,others,0
1176,info_news,1
1177,personal,-1
1178,plan,1
1179,info_news,1
1180,info_news,1
1181,celebrity,1
1182,personal,1
1183,restrictions,1
1184,personal,-1
1185,plan,1
1186,rumors,-1
1187,plan,1
1188,unrelated,-1
1189,personal,0
1190,info_news,0
1191,personal,1
1192,celebrity,1
1193,others,0
1194,plan,1
1195,info_news,0
1196,info_news,-1
1197,plan,1
1198,info_news,0
1199,info_news,1
1200,plan,1
1201,info_news,1
1202,celebrity,1
1203,plan,1
1204,plan,1
1205,rumors,1
1206,celebrity,1
1207,info_news,1
1208,info_news,1
1209,info_news,1
1210,celebrity,1
1211,others,-1
1212,personal,1
1213,info_news,1
1214,info_news,1
1215,info_news,1
1216,celebrity,-1
1217,personal,1
1218,celebrity,1
1219,celebrity,1
1220,plan,1
1221,plan,1
1222,plan,1
1223,requests,1
1224,info_news,1
1225,requests,0
1226,plan,1
1227,personal,1
1228,plan,1
1229,celebrity,1
1230,info_news,1
1231,plan,1
1232,celebrity,1
1233,unrelated,0
1234,plan,1
1235,info_news,1
1236,celebrity,1
1237,requests,1
1238,celebrity,0
1239,personal,1
1240,plan,1
1241,celebrity,1
1242,info_news,1
1243,plan,1
1244,personal,0
1245,plan,1
1246,plan,1
1247,plan,1
1248,info_news,1
1249,info_news,0
1250,plan,0
1251,plan,1
1252,personal,1
1253,plan,1
1254,plan,1
1255,info_news,1
1256,plan,1
1257,plan,1
1258,info_news,1
1259,info_news,1
1260,plan,1
1261,info_news,1
1262,personal,-1
1263,plan,1
1264,info_news,1
1265,rumors,1
1266,celebrity,1
1267,info_news,1
1268,personal,-1
1269,info_news,1
1270,info_news,1
1271,plan,1
1272,plan,1
1273,celebrity,1
1274,info_news,1
1275,personal,1
1276,plan,1
1277,plan,1
1278,info_news,1
1279,personal,0
1280,celebrity,1
1281,info_news,1
1282,info_news,1
1283,rumors,0
1284,personal,0
1285,celebrity,1
1286,plan,1
1287,plan,1
1288,celebrity,-1
1289,info_news,1
1290,personal,1
1291,celebrity,1
1292,celebrity,1
1293,plan,1
1294,celebrity,1
1295,celebrity,1
1296,requests,-1
1297,info_news,1
1298,info_news,1
1299,rumors,-1
1300,info_news,1
1301,personal,0
1302,unrelated,0
1303,plan,1
1304,plan,1
1305,plan,0
1306,info_news,-1
1307,info_news,1
1308,personal,0
1309,personal,-1
1310,info_news,1
1311,plan,1
1312,personal,1
1313,plan,1
1314,plan,0
1315,personal,1
1316,info_news,1
1317,rumors,0
1318,celebrity,1
1319,celebrity,1
1320,celebrity,1
1321,personal,1
1322,plan,0
1323,others,0
1324,info_news,1
1325,info_news,1
1326,info_news,-1
1327,others,0
1328,info_news,1
1329,unrelated,0
1330,info_news,-1
1331,info_news,1
1332,plan,1
1333,personal,0
1334,info_news,-1
1335,plan,1
1336,plan,1
1337,advice,1
1338,personal,0
1339,info_news,0
1340,info_news,1
1341,personal,1
1342,celebrity,1
1343,celebrity,1
1344,personal,1
1345,personal,1
1346,info_news,1
1347,info_news,0
1348,personal,1
1349,plan,1
1350,plan,1
1351,plan,1
1352,plan,1
1353,personal,0
1354,celebrity,1
1355,info_news,1
1356,celebrity,1
1357,plan,1
1358,celebrity,1
1359,celebrity,1
1360,rumors,-1
1361,info_news,1
1362,celebrity,1
1363,plan,1
1364,plan,1
1365,personal,0
1366,celebrity,1
1367,personal,1
1368,rumors,1
1369,personal,-1
1370,personal,1
1371,personal,0
1372,info_news,1
1373,info_news,1
1374,info_news,0
1375,personal,1
1376,celebrity,1
1377,plan,-1
1378,info_news,1
1379,plan,1
1380,info_news,0
1381,plan,1
1382,others,0
1383,personal,1
1384,info_news,1
1385,personal,1
1386,info_news,1
1387,plan,1
1388,info_news,1
1389,plan,1
1390,info_news,1
1391,personal,1
1392,advice,1
1393,info_news,1
1394,info_news,1
1395,personal,1
1396,personal,-1
1397,info_news,-1
1398,personal,1
1399,personal,-1
1400,info_news,0
1401,personal,1
1402,personal,1
1403,plan,1
1404,info_news,1
1405,plan,1
1406,plan,1
1407,info_news,1
1408,info_news,1
1409,personal,0
1410,plan,1
1411,plan,-1
1412,info_news,1
1413,celebrity,1
1414,requests,1
1415,plan,1
1416,info_news,1
1417,plan,1
1418,celebrity,1
1419,plan,1
1420,plan,1
1421,celebrity,1
1422,plan,-1
1423,others,0
1424,celebrity,1
1425,plan,1
1426,celebrity,1
1427,info_news,1
1428,info_news,-1
1429,info_news,1
1430,info_news,1
1431,celebrity,1
1432,personal,-1
1433,info_news,-1
1434,plan,1
1435,celebrity,1
1436,plan,1
1437,info_news,1
1438,info_news,1
1439,unrelated,0
1440,plan,1
1441,info_news,1
1442,personal,1
1443,plan,1
1444,plan,1
1445,celebrity,1
1446,info_news,1
1447,others,0
1448,requests,0
1449,personal,0
1450,personal,0
1451,info_news,1
1452,plan,1
1453,plan,1
1454,celebrity,1
1455,personal,-1
1456,rumors,-1
1457,rumors,-1
1458,plan,1
1459,info_news,1
1460,plan,1
1461,plan,1
1462,plan,1
1463,info_news,1
1464,unrelated,0
1465,plan,1
1466,personal,0
1467,personal,1
1468,personal,1
1469,celebrity,1
1470,personal,1
1471,celebrity,1
1472,info_news,1
1473,info_news,-1
1474,plan,1
1475,personal,-1
1476,requests,-1
1477,others,0
1478,personal,-1
1479,plan,1
1480,info_news,0
1481,personal,0
1482,personal,1
1483,personal,0
1484,personal,0
1485,unrelated,0
1486,info_news,1
1487,celebrity,1
1488,plan,1
1489,plan,1
1490,info_news,1
1491,info_news,1
1492,personal,1
1493,plan,-1
1494,info_news,1
1495,unrelated,0
1496,info_news,-1
1497,celebrity,1
1498,personal,1
1499,personal,1
1500,celebrity,1
1501,personal,1
1502,celebrity,1
1503,celebrity,0
1504,plan,1
1505,plan,1
1506,info_news,1
1507,plan,1
1508,plan,1
1509,others,0
1510,plan,1
1511,celebrity,1
1512,personal,1
1513,others,0
1514,info_news,1
1515,plan,1
1516,personal,1
1517,plan,0
1518,info_news,-1
1519,personal,1
1520,personal,1
1521,personal,1
1522,personal,1
1523,celebrity,1
1524,celebrity,1
1525,plan,1
1526,info_news,1
1527,celebrity,1
1528,celebrity,1
1529,personal,0
1530,info_news,1
1531,info_news,-1
1532,personal,0
1533,info_news,1
1534,info_news,-1
1535,plan,1
1536,celebrity,-1
1537,personal,1
1538,info_news,0
1539,personal,0
1540,unrelated,0
1541,plan,1
1542,plan,1
1543,info_news,-1
1544,personal,1
1545,celebrity,1
1546,info_news,1
1547,requests,1
1548,plan,1
1549,info_news,0
1550,plan,1
1551,plan,0
1552,info_news,1
1553,info_news,-1
1554,personal,1
1555,celebrity,1
1556,personal,1
1557,celebrity,1
1558,info_news,-1
1559,plan,1
1560,info_news,1
1561,plan,0
1562,info_news,-1
1563,info_news,1
1564,plan,1
1565,personal,0
1566,info_news,1
1567,personal,1
1568,others,1
1569,plan,0
1570,plan,1
1571,plan,1
1572,celebrity,1
1573,requests,1
1574,plan,1
1575,unrelated,0
1576,personal,1
1577,personal,1
1578,info_news,0
1579,info_news,1
1580,unrelated,0
1581,plan,0
1582,plan,1
1583,info_news,1
1584,advice,1
1585,unrelated,0
1586,info_news,1
1587,plan,1
1588,plan,1
1589,celebrity,1
1590,personal,0
1591,personal,1
1592,plan,1
1593,restrictions,0
1594,info_news,1
1595,others,0
1596,info_news,1
1597,personal,1
1598,info_news,1
1599,personal,0
1600,unrelated,0
1601,celebrity,1
1602,personal,1
1603,unrelated,0
1604,info_news,0
1605,info_news,1
1606,personal,1
1607,rumors,0
1608,plan,1
1609,info_news,0
1610,plan,1
1611,personal,-1
1612,info_news,1
1613,celebrity,1
1614,personal,0
1615,celebrity,1
1616,personal,0
1617,plan,1
1618,info_news,-1
1619,requests,-1
1620,plan,1
1621,plan,-1
1622,personal,0
1623,celebrity,1
1624,personal,0
1625,personal,1
1626,celebrity,1
1627,personal,1
1628,info_news,-1
1629,info_news,1
1630,unrelated,-1
1631,plan,1
1632,plan,1
1633,plan,1
1634,personal,1
1635,info_news,1
1636,plan,1
1637,celebrity,1
1638,info_news,1
1639,plan,1
1640,info_news,0
1641,info_news,1
1642,unrelated,0
1643,info_news,1
1644,info_news,1
1645,info_news,-1
1646,info_news,1
1647,info_news,-1
1648,info_news,-1
1649,info_news,0
1650,celebrity,1
1651,info_news,-1
1652,info_news,1
1653,info_news,0
1654,info_news,1
1655,celebrity,1
1656,info_news,0
1657,personal,1
1658,celebrity,1
1659,info_news,1
1660,info_news,1
1661,plan,1
1662,personal,0
1663,requests,0
1664,plan,1
1665,advice,-1
1666,info_news,1
1667,info_news,1
1668,info_news,-1
1669,personal,-1
1670,celebrity,1
1671,celebrity,1
1672,requests,-1
1673,info_news,1
1674,celebrity,1
1675,info_news,-1
1676,info_news,1
1677,personal,-1
1678,info_news,0
1679,unrelated,0
1680,unrelated,0
1681,plan,1
1682,personal,1
1683,plan,1
1684,plan,-1
1685,plan,1
1686,unrelated,0
1687,info_news,1
1688,personal,-1
1689,personal,1
1690,info_news,-1
1691,info_news,1
1692,info_news,1
1693,personal,1
1694,personal,1
1695,personal,0
1696,plan,0
1697,personal,1
1698,plan,1
1699,plan,1
1700,plan,1
1701,celebrity,1
1702,unrelated,0
1703,plan,1
1704,plan,1
1705,advice,1
1706,plan,1
1707,celebrity,1
1708,celebrity,1
1709,personal,1
1710,plan,1
1711,personal,1
1712,plan,1
1713,info_news,0
1714,plan,1
1715,info_news,1
1716,rumors,-1
1717,info_news,-1
1718,plan,1
1719,info_news,-1
1720,info_news,1
1721,plan,1
1722,personal,1
1723,plan,1
1724,requests,1
1725,info_news,1
1726,plan,1
1727,plan,1
1728,plan,1
1729,celebrity,1
1730,personal,0
1731,celebrity,1
1732,info_news,-1
1733,plan,1
1734,plan,1
1735,celebrity,1
1736,plan,1
1737,info_news,1
1738,personal,1
1739,plan,1
1740,info_news,1
1741,celebrity,1
1742,plan,1
1743,info_news,-1
1744,personal,0
1745,info_news,1
1746,plan,1
1747,plan,1
1748,others,0
1749,plan,1
1750,plan,1
1751,personal,1
1752,plan,1
1753,info_news,1
1754,personal,0
1755,info_news,1
1756,personal,0
1757,personal,1
1758,plan,1
1759,personal,1
1760,info_news,1
1761,personal,-1
1762,celebrity,1
1763,personal,-1
1764,plan,1
1765,others,0
1766,personal,1
1767,rumors,0
1768,rumors,0
1769,info_news,1
1770,celebrity,1
1771,plan,1
1772,info_news,0
1773,celebrity,1
1774,others,0
1775,info_news,-1
1776,celebrity,1
1777,celebrity,1
1778,personal,0
1779,plan,1
1780,info_news,1
1781,info_news,1
1782,plan,1
1783,plan,1
1784,plan,1
1785,plan,1
1786,requests,-1
1787,rumors,0
1788,personal,0
1789,info_news,1
1790,celebrity,1
1791,personal,1
1792,celebrity,1
1793,info_news,0
1794,info_news,1
1795,info_news,1
1796,plan,1
1797,info_news,1
1798,info_news,-1
1799,info_news,0
1800,others,0
1801,rumors,0
1802,personal,0
1803,others,-1
1804,personal,-1
1805,plan,1
1806,plan,1
1807,personal,1
1808,personal,0
1809,personal,1
1810,personal,1
1811,info_news,1
1812,info_news,1
1813,plan,1
1814,personal,-1
1815,celebrity,-1
1816,info_news,1
1817,rumors,0
1818,plan,1
1819,info_news,1
1820,unrelated,0
1821,plan,1
1822,info_news,1
1823,info_news,1
1824,info_news,1
1825,info_news,1
1826,plan,1
1827,info_news,1
1828,plan,1
1829,celebrity,1
1830,plan,1
1831,requests,1
1832,plan,-1
1833,celebrity,1
1834,celebrity,1
1835,plan,1
1836,others,0
1837,celebrity,0
1838,others,0
1839,personal,0
1840,personal,1
1841,plan,1
1842,info_news,1
1843,celebrity,0
1844,info_news,1
1845,plan,1
1846,personal,1
1847,others,0
1848,plan,1
1849,personal,1
1850,info_news,1
1851,restrictions,0
1852,personal,-1
1853,rumors,0
1854,plan,1
1855,personal,0
1856,info_news,1
1857,plan,1
1858,info_news,1
1859,info_news,-1
1860,personal,1
1861,plan,1
1862,advice,1
1863,info_news,1
1864,plan,1
1865,personal,1
1866,personal,1
1867,requests,-1
1868,restrictions,1
1869,info_news,0
1870,plan,1
1871,info_news,1
1872,info_news,1
1873,personal,1
1874,plan,1
1875,personal,0
1876,info_news,1
1877,unrelated,0
1878,personal,-1
1879,personal,0
1880,info_news,-1
1881,info_news,1
1882,info_news,0
1883,personal,1
1884,info_news,0
1885,personal,-1
1886,info_news,-1
1887,unrelated,-1
1888,info_news,1
1889,info_news,0
1890,personal,1
1891,plan,1
1892,celebrity,1
1893,personal,1
1894,plan,1
1895,plan,1
1896,celebrity,1
1897,others,0
1898,personal,1
1899,info_news,1
1900,personal,1
1901,personal,0
1902,plan,1
1903,celebrity,1
1904,info_news,1
1905,plan,1
1906,celebrity,1
1907,info_news,-1
1908,celebrity,0
1909,rumors,0
1910,info_news,1
1911,plan,1
1912,plan,1
1913,personal,1
1914,info_news,0
1915,requests,1
1916,personal,1
1917,plan,1
1918,info_news,-1
1919,personal,-1
1920,info_news,1
1921,personal,0
1922,personal,-1
1923,info_news,1
1924,info_news,-1
1925,info_news,1
1926,plan,1
1927,unrelated,0
1928,celebrity,1
1929,plan,1
1930,personal,0
1931,info_news,1
1932,celebrity,1
1933,celebrity,1
1934,unrelated,0
1935,plan,1
1936,info_news,1
1937,plan,1
1938,personal,-1
1939,celebrity,1
1940,info_news,-1
1941,info_news,1
1942,plan,0
1943,personal,1
1944,info_news,-1
1945,plan,1
1946,celebrity,1
1947,rumors,0
1948,personal,-1
1949,personal,-1
1950,personal,0
1951,plan,1
1952,info_news,-1
1953,celebrity,1
1954,plan,1
1955,info_news,0
1956,info_news,0
1957,personal,1
1958,plan,1
1959,info_news,1
1960,plan,1
1961,plan,1
1962,advice,1
1963,unrelated,0
1964,plan,-1
1965,personal,1
1966,rumors,1
1967,info_news,1
1968,info_news,1
1969,plan,1
1970,personal,0
1971,unrelated,0
1972,info_news,0
1973,requests,1
1974,personal,0
1975,celebrity,1
1976,personal,1
1977,celebrity,1
1978,plan,1
1979,plan,1
1980,restrictions,1
1981,celebrity,1
1982,plan,1
1983,info_news,1
1984,rumors,-1
1985,plan,1
1986,celebrity,1
1987,celebrity,1
1988,celebrity,1
1989,info_news,1
1990,plan,1
1991,unrelated,0
1992,rumors,-1
1993,info_news,-1
1994,plan,1
1995,plan,1
1996,personal,1
1997,info_news,0
1998,unrelated,0
1999,unrelated,0
